username,password,full name,balance
jmacduff0,pJ3.4KSqOA,Judye MacDuff,$29005.34
nruperti1,"jF4(1h1_zg@I""w",Nerty Ruperti,$26890.40
bsmall2,gU4|p|o{eUc0,Basilio Small,$64160.64
rsiggin3,uM4%bpW*vr?l,Roby Siggin,$88873.99
meles4,dG9<M)=m,Montague Eles,$35074.17
smckelvey5,bV0{k8ZwJp?9tH,Sebastien McKelvey,$24131.31
cjaukovic6,"uT9=""~\c8v@<0+",Caril Jaukovic,$20250.41
skorn7,"rF0,<f(0g>",Solly Korn,$49526.59
hkiley8,pW2*!9&Ml%3R,Harcourt Kiley,$38358.80
hstorre9,rR8}|!Sr$Lc,Hildegarde Storre,$29121.80
gbunyana,"hE8>""SIM",Gelya Bunyan,$88058.18
bspringellb,eG8@Liu_aPw$H0`5,Bjorn Springell,$62444.04
tdevericksc,lZ2+'xamg3M,Taryn Devericks,$18201.04
ldoerlingd,uA0|>lw!J)J,Ladonna Doerling,$17361.23
cnovaceke,uG3*GO>)#9>*13,Cammie Novacek,$22167.42
chaggisf,xQ7!<B7w5Wx8,Clyde Haggis,$17612.45
rpenhalurickg,gK7)p+(VY&ar,Rebecca Penhalurick,$15890.16
malveyh,pF9/IR>%,Marcille Alvey,$73581.42
aruppelii,fI0/M{pt,Ailee Ruppeli,$30119.63
tbrufordj,"oD5,@6?!F",Tomaso Bruford,$80840.38
dhalliburtonk,pA9('`3cJa{0P3FU,Danika Halliburton,$27973.95
mdiesl,"lK6""YX)YszQ@C}1&",Matthaeus Dies,$16563.69
nmawdm,oF8'3loNNBm'%84,Nobie Mawd,$27287.91
fjarradn,kL2>!p$DVq0(C~x,Fifi Jarrad,$86272.87
nstotero,"cA1?5VQ}!OI.L""",Nanon Stoter,$71418.98
kcarnierp,pJ8/%i<\..7_}#AS,Kasper Carnier,$90018.49
dmccruddenq,lD0{c$.wo,Denver McCrudden,$20550.99
gobrianr,gL5$mcZ%`+#7.,Gilburt O'Brian,$94947.56
dforrests,"hU5%2=?"",",Dulcy Forrest,$13193.79
hhatchardt,"tS6""ZF""2cY2",Harwilll Hatchard,$19836.05
cavisonu,oS3&\0A6qU'+|L}N,Courtnay Avison,$33296.10
mkearnv,"nY6<u2stdFAH5p,",Myrilla Kearn,$59342.78
ehampsonw,pL0~#%=wBMP=M~,Eb Hampson,$21994.84
ljanjusevicx,"pP6+v=c5y""q",Lee Janjusevic,$50278.61
cbastony,zM7@!xW=v=E=,Claribel Baston,$93533.43
bwhapplesz,sO6(Q&|uX}2u&j,Bertha Whapples,$30545.90
mcaress10,oS7_zogt,Maudie Caress,$59966.98
mavard11,bW8&`_f@fTYbyi#,Meredith Avard,$40853.00
pbortolini12,"zH4)UEgn""fpq#$i",Pamelina Bortolini,$44566.94
rknellen13,bP8#sz(.*y,Reagan Knellen,$63224.34
jtuckwell14,lH0<h8NLGCu3kV9y,Jordan Tuckwell,$61591.59
myukhnin15,yE5)}#}!2Qlm,Mellie Yukhnin,$56432.38
mgliddon16,qS5<Ry)Un,Margot Gliddon,$85593.36
vdessent17,"hY5,A(e6Kf",Vlad Dessent,$26080.42
ostaite18,kM6%M)QTf+!,Orrin Staite,$84841.87
jkerton19,"vF8*""sl@6fx>",Jeniece Kerton,$52014.17
wpardal1a,cE7@5<2+%!_UR2X!,Wilhelmina Pardal,$97875.74
rhain1b,iU1'xd@K8HP,Rebeka Hain,$50434.72
aparadyce1c,sT9*A5=NG|%jcz,Aland Paradyce,$30937.32
msharram1d,yI5=G7S0&!BC,Mayer Sharram,$49024.32
ekatte1e,uA7)!`A$,Else Katte,$27440.20
jpendrigh1f,"mY1""FqU6guWKD*",Jolyn Pendrigh,$34199.65
lantecki1g,yJ0~/Ux3em7C9po,Lewes Antecki,$80474.61
lmanby1h,wA3.pTQs<@Dp,Lutero Manby,$65822.88
gsewill1i,"pT2)<,b7*2""W9AS",Gene Sewill,$13366.28
eweth1j,oR4%pE7Ck|d|Bet,Eolande Weth,$46042.56
wtrattles1k,mG2#yr\<IY*&,Wood Trattles,$71516.37
bgray1l,rN5\oV_$(l,Baldwin Gray,$87931.61
ftocher1m,eX6>u)S|`,Frank Tocher,$21566.21
hpeile1n,vC9.OgrYt=3K,Hendrik Peile,$17519.97
dsandes1o,cY3/Bo1KAcqO,Dorie Sandes,$77106.51
kstode1p,aC9<w5lE3Ba,Kenny Stode,$63486.63
mgrzelewski1q,uC4!kn{NdR,Murdoch Grzelewski,$47197.43
rchoat1r,sD4@4pZzYuv1D~wT,Renie Choat,$69106.79
jreisin1s,iZ1\B#/y,Jehanna Reisin,$77863.65
rsapsford1t,mS4%Wl*r,Ryan Sapsford,$54160.99
rlees1u,"rW8#""jIb1Q@nQsP",Ruby Lees,$14285.87
lcrolly1v,"nN3,FzGj@P=E",Levon Crolly,$68586.19
vtuffield1w,tV3?dk2im,Valdemar Tuffield,$74749.16
mroseaman1x,"yF0|""n2w+$",Marve Roseaman,$65936.50
ldensey1y,rI2}jV%{Gycv,Lynn Densey,$18720.19
gmacpeake1z,yM8=)gm'>'GPjGk,George MacPeake,$67121.73
rculp20,fR9/.uy+32!!tS,Ricard Culp,$90620.41
manstis21,tJ1<9Rwb1G`G,Michaela Anstis,$21643.65
ccollop22,xH1=s5Xg<,Curran Collop,$79850.42
kpersse23,wB0+/mIN&,Kayley Persse,$40733.14
hollcott24,tB9(m$qT|,Helene Ollcott,$67140.15
hfosdike25,vT2%Q/bew,Harmonia Fosdike,$91216.50
dsprigg26,rY5'`8m9i<Do2DG,Daron Sprigg,$90286.34
sbryett27,"qU4,rAp1&kY.G1U2",Solomon Bryett,$53125.59
lbalshaw28,mB7=*38),Lexie Balshaw,$27598.28
hmellmoth29,aI3(7FKMJzy8k)g,Hortensia Mellmoth,$85011.83
bfinker2a,tE0>~+I?8DE7,Bern Finker,$71509.44
klamont2b,"zM7,5N%2YsOXO",Kenon Lamont,$65939.24
cdublin2c,fN2)Pgb!=(&nK+,Cristian Dublin,$64365.52
dkleinmann2d,tQ8(WHlajWO$NY,Delia Kleinmann,$61159.99
sdrust2e,kM3|jgDk),Simon Drust,$14112.03
cspellward2f,lX4%QzoRcr,Chic Spellward,$39796.18
bvidgeon2g,"jN4,(,z4N",Blondie Vidgeon,$70326.55
rcoggings2h,fI5>!d'GCh&,Reinwald Coggings,$93517.57
mcholomin2i,qL3?g}?Wi~,Mead Cholomin,$29519.25
pjackling2j,gG0#q3}{,Petra Jackling,$18349.19
kgredden2k,hW9>dhuVNtM3,Konstantin Gredden,$69155.20
pblaydon2l,yY0!{kafWXzQW?,Pammy Blaydon,$87177.89
ikirton2m,vQ9_a`XWHt15g_,Isidor Kirton,$84176.77
cbidgod2n,bU1\k@Gj7#,Cristy Bidgod,$91790.62
ccattellion2o,nT8+aBO|~,Carly Cattellion,$29077.63
tcordet2p,lO5}gvKWc*\,Thorndike Cordet,$11815.42
balforde2q,hD1|N}2i\~x8*,Bert Alforde,$74817.08
obayston2r,"mQ8}RWzC/g=9y,>",Onida Bayston,$32461.87
nhainsworth2s,"lF6.{s',8e>Xr\",Natalya Hainsworth,$80429.70
lbeazer2t,zE5{D'`3N(,Lissi Beazer,$38844.02
alindeboom2u,hW3>fkIwW,Aidan Lindeboom,$20343.43
jtemby2v,xD5$WWvJlC*&I,Jojo Temby,$97881.36
shearon2w,wO8%oZ?fh{j<'9,Sly Hearon,$50790.44
adorber2x,cT5>dyY7?HJ.56A(,Alecia Dorber,$37925.06
ctomaszczyk2y,"gO9.,%si$$v21}a",Cecilia Tomaszczyk,$41138.56
cperfect2z,"jL3<""OCE\C",Conan Perfect,$35453.75
cmahody30,mC4=Qhbz,Corrine Mahody,$52037.11
arosedale31,gS1%@nWiDLU,Angelia Rosedale,$84337.77
sdami32,"fJ2""\d\b7$b",Sergei Dami,$37997.62
fduer33,oF5%iX1n?`,Findley Duer,$26111.38
lclelle34,"sY7""&z{BhiP\A#*",Liv Clelle,$27537.09
ddurbann35,"iK3.mL`,|{",Desmond Durbann,$35632.04
ddowden36,"fH6%n=Fa,P!iGUJ",Derby Dowden,$94548.30
kbradbury37,"vF4>\YU_,W",Keir Bradbury,$57684.09
fkonerding38,cA8+\!))73,Filip Konerding,$25090.48
edoddrell39,pF5&X*#A,Ellis Doddrell,$91395.94
bartz3a,"hF0,v|'1c>@X",Buddy Artz,$72470.72
dingolotti3b,dL5!i~IH&kVz{,Dulcia Ingolotti,$98296.58
ubalk3c,dJ0\XE?h/LiLb<i_,Urson Balk,$61694.10
rmalenfant3d,jB4#$xF.u({dwf,Ronny Malenfant,$33927.84
hprandoni3e,fE9)6YO9xU/,Helga Prandoni,$68034.92
fmchale3f,eD0`SSxM?Rk,Fionna McHale,$74080.24
jpeplaw3g,sH7<$mZC1,Jehanna Peplaw,$95336.83
ypozzi3h,"mT7\E"")IQnIa",Yuri Pozzi,$57704.26
kriquet3i,xA3'+z}'k,Kaia Riquet,$43596.36
nrazoux3j,gI7}=j%kP+ZA!,Noelyn Razoux,$32917.78
iarchambault3k,"iL1%y,59S)F",Ikey Archambault,$49675.32
pgiorgione3l,oU8+t\r!j\|j_@,Pablo Giorgione,$11153.80
sberndtssen3m,fF9+vRc'`>b%,Smitty Berndtssen,$51004.30
kgrealy3n,gH6?\T9>&,Kipp Grealy,$75020.47
gblew3o,"xJ9#G1""#/kS%vD7",Geneva Blew,$21365.34
ktrice3p,aO8)Tj|7pA,Katharyn Trice,$73906.99
lcampos3q,"dX4,uo$})7Cw",Laina Campos,$49483.70
lmiltonwhite3r,eI2*!.+4jiY,Lida Milton-White,$56143.69
lcumberlidge3s,"vD2\,<dPtM\zfW",Lauritz Cumberlidge,$83142.34
dmccracken3t,dE6)YLH|#bz,Dania McCracken,$16718.61
ttweedlie3u,fD3*t/$hxW5RJNa,Tito Tweedlie,$90851.72
atretter3v,"kL5@{@l(,",Audrye Tretter,$87180.37
wagostini3w,jJ2<\QY\c}FW,Worthy Agostini,$71461.23
riveagh3x,aR8)QA|YG+7,Rozalin Iveagh,$23522.95
hacreman3y,"kR6,ZLW#klAS",Heather Acreman,$12500.45
lgeldeard3z,nJ0~z0dp%dE\,Lenora Geldeard,$91313.65
dschober40,xX7@'w2yx/GY9,Derek Schober,$68642.19
kmouncher41,vS1*y*zpFY<*v}I,Karla Mouncher,$16298.17
fmacdermid42,"hF0|f""|*Rl",Frederica MacDermid,$62965.04
kschollick43,"dT1""tCB_X",Kristian Schollick,$23920.55
mhlavac44,"gN3_,gQ_|!hK.}/",Morse Hlavac,$85239.29
pconnew45,wZ0/_'34,Pete Connew,$66283.32
astapford46,hK7>f|.*$,Addy Stapford,$62875.85
tglanfield47,tK0*f9e.TW9,Tommy Glanfield,$78474.05
fcrust48,kE6{|RA@Ju9,Frankie Crust,$93993.98
awestcott49,eG0+@YD6@tW3,Alejoa Westcott,$84726.39
bblay4a,uF8?r}~KW,Bordie Blay,$34376.46
cjayme4b,yW7\B)v>,Carmel Jayme,$14451.48
sashment4c,oV7#bFM+<g%,Shem Ashment,$46689.55
mvisick4d,lT3=fQLG68LpI',Manda Visick,$82414.97
ogroll4e,pN7(Z=&oWgO2,Ofella Groll,$34015.73
dkehir4f,aE0`r#fK.in,Donica Kehir,$40042.52
kwoolforde4g,jB8#W5repFMrxiHO,Kari Woolforde,$92942.50
hjarrard4h,iX1@KBH0w%o,Harcourt Jarrard,$70819.07
kplesing4i,aF3$H~Q3,Katherine Plesing,$12664.54
ojosefsohn4j,eO5@vr=wXr,Onfroi Josefsohn,$48835.75
agheorghe4k,gE7)%RSZe,Adiana Gheorghe,$32349.02
gtanguy4l,sG1/mebZFH,Ginger Tanguy,$92138.29
yryburn4m,"jU0}K!j()on0d!,",Yulma Ryburn,$75658.96
ohuyton4n,qQ2_0IMo5pJyIG@l,Ody Huyton,$79199.84
ahacaud4o,lY6{#=AGef7rk,Armand Hacaud,$88398.39
egarron4p,gO0`M0$5E%j,Erek Garron,$62473.25
sgerding4q,zH4(FcbriXX5GeZk,Sybille Gerding,$17138.80
kferrario4r,uY2(0$.pIdIDp>,Kalil Ferrario,$39355.63
fbeston4s,hD2?>CnV'p=tY!,Frayda Beston,$24732.09
gmundell4t,"iX7,|X$?",Geri Mundell,$80839.41
iimesson4u,"tX6,}gIQ}B@",Ignazio Imesson,$28870.60
ccoughlan4v,"pY1.km{)F,CbN<c",Cleopatra Coughlan,$85808.79
rrigardeau4w,"uC6""Qj*0.e>",Reese Rigardeau,$15593.17
marmer4x,qR9#GWRj{egaxH`,Mervin Armer,$34020.84
fhanes4y,iZ5&MYb=gwxd,Fallon Hanes,$30619.69
kgriston4z,eE2~(A|B%4xZvR}*,Karmen Griston,$66708.15
csutehall50,oC0_(U1l`E,Conrado Sutehall,$15598.35
syashin51,oS7=is1v\b,Sidonia Yashin,$25798.78
sriseley52,"pZ6~0`,l",Shane Riseley,$98264.57
jcanny53,oB4%hR+Baw3,Jeremie Canny,$48136.60
atolley54,dN7>N7&JahV,Annalee Tolley,$23581.28
hgrimbaldeston55,qS3/XeGZ4Csoos,Halie Grimbaldeston,$19100.42
eberzen56,aT7$~rHOP3Hec,Emmalyn Berzen,$10552.14
mpetrie57,nB5.bXNO,Martie Petrie,$27838.82
cpayton58,nL5`EXOm.C\,Caresse Payton,$95131.68
ppeery59,pM3*b&bho9X#QD7,Pippo Peery,$21809.94
aflatt5a,"jW7!Or""!",Arlen Flatt,$75735.82
abarnsdale5b,yK3)sZcf$Z&>,Angelina Barnsdale,$28645.47
drecke5c,kL7>PkyMa#AzCR,Doreen Recke,$95586.30
jdonnelly5d,cD6?.!d/$(Bn{>,Judah Donnelly,$80020.24
asartain5e,"mW1>""t.h{Nt#",Abraham Sartain,$34180.45
ccopcutt5f,"hS4+Z~>,KZ",Claudius Copcutt,$20412.60
hdemicoli5g,"cE9(g8?,+x=W,",Hillie Demicoli,$23796.08
csywell5h,tE9)>0E|Sic,Cate Sywell,$70302.21
fdalgetty5i,xM9>$Ju<C\@,Fritz Dalgetty,$15592.12
jcharon5j,"vV4($W0m3~""",Jacinthe Charon,$92651.96
abastone5k,lS8~D&Ts,Ashely Bastone,$54328.74
fsherbrooke5l,xV9!BM+3)*zh9,Fancy Sherbrooke,$26318.32
jarnet5m,kY5/(Z1SVBGi?B4,Johanna Arnet,$41426.73
rolfert5n,zW1~}XT%xk4m,Robert Olfert,$89763.30
sklosterman5o,xJ7#hZ)8@@rF,Sheffield Klosterman,$92264.57
vemms5p,cE5*Po=arrWVF|/',Vasily Emms,$31314.88
mwallwood5q,"gW1""w1z{4D(@",Mal Wallwood,$17452.16
smcfetrich5r,kI3_EVlBPWad,Shaylah McFetrich,$16902.90
ishuttlewood5s,hF9@di<A,Isiahi Shuttlewood,$29711.35
nhexter5t,"lL8|3clR,",Nikola Hexter,$63911.30
lbenedite5u,xA2%K'75,Lezlie Benedite,$45600.57
mbrizland5v,yM8{!x&J%uR,Melicent Brizland,$90533.63
lmartonfi5w,xH5`yy(>X5`G(,Leone Martonfi,$52811.19
pbloyes5x,yO4<e{aWx2Vyg,Pammie Bloyes,$76462.92
ilafee5y,qM0/SD2b,Isabelita Lafee,$83995.19
damerighi5z,"uM9#@9}TS`N7d""Me",Dolph Amerighi,$28815.08
hmaccolgan60,cV3\O)C>DO,Hubie MacColgan,$27100.27
salderson61,"iL2{,?1Cb,(XZa",Sallyanne Alderson,$89020.44
nisaaksohn62,uV8#N{YQ<VwYgY,Nonna Isaaksohn,$47375.44
ilaughnan63,tI6%IIpr',Inglebert Laughnan,$10110.56
srival64,zQ1#\z_<,Sibel Rival,$79275.99
kmounfield65,"gG0,gKI=6x~",Kathie Mounfield,$51168.27
dgillingham66,"hD9,VmMhwJ|K",Dell Gillingham,$70619.92
tgeare67,mI1!Zt/puNwsNhn,Tadeas Geare,$66340.66
gstevens68,lZ7}{|3EBD5PoqQ(,Gray Stevens,$70804.10
nmummery69,wY0\31&.B8zq>+7,Nady Mummery,$82627.60
rhallam6a,"uT4,pC@XxWt&",Roxi Hallam,$37426.21
lhancorn6b,iK3/(C|*9wn,Lucille Hancorn,$25448.81
aparlot6c,qP3(0CZ{35,Arlen Parlot,$86680.95
lpeaple6d,hO7#tQoNblQZ`.,Lilyan Peaple,$85040.26
gstorm6e,vV0?prLirc,Garry Storm,$41193.27
kmcgebenay6f,pW3|_sgXCC5{ptQt,Kissee McGebenay,$38450.55
kmacey6g,"tE3_SC,B",Kelwin Macey,$93477.44
cwooffitt6h,xT9=5!4m<,Cletis Wooffitt,$19793.12
ivassay6i,eH7..M!?8N(?,Ikey Vassay,$48252.95
kdi6j,"xH5\n,(z|.Q",Karlyn Di Lucia,$86255.13
lsherewood6k,oG5~WJ/IP,Levin Sherewood,$81379.39
cgye6l,xO3!YxXCQwlO@,Christan Gye,$70538.28
iwrennall6m,vD8<uJkn,Ingram Wrennall,$76033.50
hvousden6n,mB5$5\uJ0P,Harp Vousden,$79964.92
agroves6o,"qN9|""CgFAGD",Alexei Groves,$10813.67
afavell6p,uC1~C0(YS6I#?,Adrea Favell,$92570.33
gmccorkell6q,eE2(.g4{sRz/671s,Gabriele McCorkell,$67611.24
gdeppen6r,gN9$wJLCRxf,Gustaf Deppen,$19803.93
bquinsee6s,oU4(uMHG#,Batsheva Quinsee,$20275.14
frediers6t,xG8/9.U\,Francesco Rediers,$35922.18
bmanifould6u,uX2_>*#x~c,Bobinette Manifould,$79456.68
riacavone6v,mI3_BS}N,Roseann Iacavone,$82225.41
eflippen6w,"lN2>)?N}DpL"">",Ermin Flippen,$71110.70
cadiscot6x,mQ7?R3JM{Mo(7,Calley Adiscot,$22469.46
fnolot6y,"iN0,mSX*8`Y)""Hqo",Freeland Nolot,$98713.40
cjeeks6z,qZ7\D!o@_$ziXl5,Chevy Jeeks,$17456.84
cstopher70,mK1#JOT'w%ot*,Coop Stopher,$86681.05
eotham71,"jV5""dM_vXC""y",Emelen Otham,$35691.62
rdelcastel72,jZ7<Fyigek)ofo,Roma Delcastel,$44143.81
pbulger73,aZ4*_HZ2m(%9,Putnem Bulger,$79167.30
chendren74,dF5=3lHw}e,Carly Hendren,$88547.80
mpirrie75,xJ7>DMqL,Marlane Pirrie,$56405.75
wsaill76,"nI8+|Z""KD}R4R%i",Wilden Saill,$61976.34
jforsaith77,iL7/x'XB.=X2&x,Jennie Forsaith,$72468.58
vdripp78,wJ8}/5j&q`x,Vaughn Dripp,$14846.72
hjoddins79,"oY1/a{H+{bHw""",Hewet Joddins,$58688.28
oplan7a,eZ5/G)cg?HKo,Olimpia Plan,$91606.65
glagen7b,zG4&KPvNV$&*Qvv(,Gretta Lagen,$83883.60
gliell7c,"cA2#""AD\a",Garrard Liell,$69999.78
bbelden7d,hM9@YkSx/DY+_}Ay,Basia Belden,$73035.88
cwaggitt7e,sY0={z9GxXGJ,Consalve Waggitt,$43753.33
ghardaway7f,oL3~4JUDu2F,Giraud Hardaway,$81344.30
kbabcock7g,"bB2,YL!+e",Karrie Babcock,$79994.55
rsheldrake7h,bY0.LC3d_YEs|HB,Rossie Sheldrake,$48967.33
bewbanche7i,jG9#'uB&je,Bonny Ewbanche,$45086.26
jwike7j,vL4$}}=qeAU$,Jack Wike,$43738.17
eallcoat7k,vG3.}e*vTs9A,Eddi Allcoat,$63238.15
ztatershall7l,kE1<3B}Rr=<\)!,Zonda Tatershall,$33810.13
edavenhall7m,nV5_\S2JP*?/,Egbert Davenhall,$12012.06
hpantry7n,"eI7<O#*,G?gA",Heda Pantry,$66354.98
gmerrall7o,"cL0<+ky#S{mCCR`,",Godfrey Merrall,$84603.68
dsperrett7p,"dP1,%1qGc!N0<Mt5",Demeter Sperrett,$79596.38
njedraszek7q,"sY9+gfpVpr,GI",Nessy Jedraszek,$95280.48
wkilliner7r,qM8|{pKv0m@nZ,Wolfy Killiner,$95709.61
bconnop7s,dH6.9_xd?',Bengt Connop,$67093.99
gstetlye7t,cZ9{jV'/z.&),Giana Stetlye,$43628.40
ggammack7u,zP9/A!/~IcBjX(Yb,Garvey Gammack,$80460.01
cwagon7v,nH5?5MVOF=5#,Claudine Wagon,$15971.15
vabell7w,sG5(Hu*kl1)~kL,Vale Abell,$48962.41
moldknow7x,gT8.lR*+z!\G7Xj,Merrick Oldknow,$97278.06
oyellowley7y,qN2&|PYMvk11'u,Oswell Yellowley,$97756.85
rdallon7z,"xE2,Pt}D",Ruthi Dallon,$13711.79
teastcourt80,yE9<HA{S6z,Tobias Eastcourt,$67155.90
bvickerman81,pG6/M>V!5w,Brenna Vickerman,$86316.65
hbrittle82,"xM5""<UVwfQ{",Hayes Brittle,$45832.95
rsomner83,"cX8#}vEW,f",Rowena Somner,$34560.75
ealbinson84,qD9}''XalPL1YAJ,Emmalee Albinson,$73558.19
ngoodanew85,aC0\HED(@!Zzsw,Natty Goodanew,$58462.60
mflippelli86,yA8(<Jy1{{jx,Margalit Flippelli,$68502.78
shirthe87,"bR7*m~{0)""Uy",Stephan Hirthe,$14522.43
jpococke88,sS7)RMSCXGfE!U,Joceline Pococke,$22133.52
agalvin89,rV0~Uj%2<aTEGT,Amabelle Galvin,$17967.95
ikolczynski8a,iO6?2SP7>yWa\,Ingram Kolczynski,$71654.28
geverley8b,"dC8',y}tMWH",Guenna Everley,$29681.05
mcotman8c,"pB1,#L!Ua<TRz",Mari Cotman,$54063.79
sfonso8d,oP7*yISB/,Svend Fonso,$59946.14
csouness8e,qW7)f1<5&?P3Ym,Coletta Souness,$87867.28
rking8f,zG0=~~'&b6H!/C.?,Regen King,$61719.08
lmulvenna8g,qP7+_lpEumcS'~h,Louie Mulvenna,$79054.11
wyerby8h,hC9/IWN5,Wilhelm Yerby,$46475.76
fbrahm8i,kL8}vUaB04z',Feliza Brahm,$89817.24
kburditt8j,tS4{|T7_7I.idk,Kaiser Burditt,$78764.12
floosely8k,"wQ3""g)269P}&n+Ih",Fidelio Loosely,$35648.77
gtitman8l,yG9$jNdO%C,Giles Titman,$66832.96
rboness8m,lN8`FUP#+A&bci,Ricoriki Boness,$82237.55
cibbett8n,hL5}&OTZ4F,Carmella Ibbett,$82077.04
dsteers8o,tC8/I=&+~,Dudley Steers,$68980.29
gmoggan8p,zQ5\Y_}Y,Gasparo Moggan,$83153.18
ereese8q,iI0+8eCEq#'@((,Erich Reese,$25335.30
ccanelas8r,"mW7""@Nit4t0~w",Carmencita Canelas,$37434.73
llampl8s,"oQ1@N#>Lg""S>5fe7",Lonna Lampl,$42537.50
kwent8t,"pT9""GzpO\",Kiri Went,$53380.90
bclaw8u,jA8`whTGJMr&fym,Berne Claw,$63443.34
bsommers8v,pN4#NVE}}PWyPx,Beau Sommers,$43567.32
acheves8w,gV7'\D7Y2teihBok,Andy Cheves,$83254.27
cbruin8x,qU8#0d2P,Cori Bruin,$21753.11
mheys8y,dB6~WIF0%J,Myrwyn Heys,$18924.09
gmildmott8z,"bM7!B164n|#""}07",Gaspar Mildmott,$72707.74
lmoreno90,pY4@\`bQivZq6(,Lawrence Moreno,$45198.14
tkleinber91,yG3+2|0X,Talbert Kleinber,$40576.70
kdymidowicz92,"qL3)w%q5Cf6)L+C""",Kathlin Dymidowicz,$12238.80
rbehne93,hQ0*O1dadMi3/>W5,Rebeca Behne,$62893.85
mmatoshin94,pH9&iJjOPahk8c,Minnnie Matoshin,$84917.07
bhoyland95,iS0<fBib&`au,Bartholemy Hoyland,$72147.13
mormshaw96,sH5/t((4IG6Zatx,Marieann Ormshaw,$23175.85
slaye97,aZ6'!@DSPPa,Silvie Laye,$76082.68
cerrichiello98,tX0%+xGbM,Carlene Errichiello,$14578.87
ahawkett99,pN3.0!`+!BY{,Ara Hawkett,$40232.62
kflux9a,"lI3~b(y+0,6=",Kyle Flux,$40405.54
mchelsom9b,zM2!qXKyN}Mg,Margette Chelsom,$70499.09
wlucio9c,wL6{xxTI&FN,Wilfrid Lucio,$59834.67
jfiander9d,tS2>!SS>22*HMDS,Joice Fiander,$49552.43
ltreadgear9e,"eB2!,>xDI68K#X",Lauralee Treadgear,$29499.39
smcgrae9f,hH8#Vj\|i*@N,Samaria McGrae,$90687.27
sjump9g,"kE1=""K#~}S'",Shara Jump,$47754.17
awiggall9h,cX9+0ayPhV?%,Alexei Wiggall,$64531.70
hestabrook9i,"rR1,L!E7FKG",Harrison Estabrook,$63189.99
agylle9j,bQ0)Vb=0IT8O,Alano Gylle,$94740.49
dpoley9k,"fF2>jeao?#K,K7",Dietrich Poley,$12637.30
dkermode9l,eX2!M<uNub,David Kermode,$74978.15
vboncoeur9m,vN3|M`t_,Vivien Boncoeur,$74469.72
rbertram9n,yW5!Aw<t1|,Rosabelle Bertram,$22058.85
edowner9o,xR3='om)'tHg.$5,Eberto Downer,$87560.67
aclendening9p,zQ6/d8X\N{,Adrianna Clendening,$30693.44
wpharoah9q,rI7?)}Ku,Wolfy Pharoah,$10343.82
lcreavin9r,"oI3,$`G}QT",Lela Creavin,$16132.25
clivingstone9s,zG4}<<Bbf%HFd}/Q,Claretta Livingstone,$70090.58
bpetegre9t,"sI6<mO,L(vxB",Babb Petegre,$26950.33
mwoffenden9u,qB1_jp&cD}T<`*,Miguela Woffenden,$57344.23
jsammut9v,"jO6"">EWU)czsq",Jeremias Sammut,$87090.86
rmanuely9w,qH8\tyHi)yRP,Rob Manuely,$95120.34
dbricksey9x,bD4.Kh$*Ip15,Drusie Bricksey,$99073.43
hdoughty9y,iW1>6LU)AcT6,Harriet Doughty,$22128.79
bkharchinski9z,oT1}/s9uV,Barbabas Kharchinski,$71435.96
bgoudgea0,"aV3)G@rb=1k""l",Boyd Goudge,$95420.18
ajigglea1,"sM5,HkV|rtDhB9HZ",Ash Jiggle,$10849.20
jmccaskilla2,tT0$.5YPE?S8{tL,Jermain McCaskill,$64423.97
rwhimpennya3,gW1+%n'>DO9,Rosemary Whimpenny,$76425.96
draouxa4,sA0'2WQ$q,Dyana Raoux,$14882.87
aollingtona5,"dE3_+HAwq)Xxh,27",Amalie Ollington,$63648.83
adavysa6,lL9`'Hu1lx5sz,Archie Davys,$71969.09
vgreenana7,uV7.G`!D!U5_~Jm<,Valencia Greenan,$92365.87
khanna8,hO7}R8u8@4HFX,Kore Hann,$50237.60
aoldroyda9,yL3!\of.0,Ailsun Oldroyd,$25175.72
lallsoaa,jZ9=`xwyU9@lGE7,Lulita Allso,$92659.49
cnesbitab,"nI7)}f|~/""i&5Y\6",Casey Nesbit,$97827.70
cmcgurganac,"mN7!uKbgiLj?p""",Conrado McGurgan,$70002.15
pschukertad,rR8!f(2>4l@fzS,Pippy Schukert,$35764.45
dreamsae,nF0{4xnQFn,Davy Reams,$53068.61
phobbleaf,aW4<~hL_~|y)_,Papagena Hobble,$12610.37
nbibbag,"hY4""~g3r=Y%9",Nappie Bibb,$25239.43
ebatieah,cK4__Oy%,Emelda Batie,$11221.85
fszymanskiai,nE4|C6ocs?S,Fidelio Szymanski,$64188.17
nrawlingaj,eF0$?bqs+&.B,Nollie Rawling,$75682.38
sgreedierak,lD1=@br!TX#v,Solly Greedier,$93998.10
margabriteal,bL1{A/b.G3Y,Mitzi Argabrite,$47445.29
wfontellam,xW2)<ZUx1#,Wanda Fontell,$70496.94
jlyveran,qR0?epN=,Joice Lyver,$81165.70
ecaldowao,bY0/_wABk@2CU'1,Edin Caldow,$46357.02
fartzap,mH9/WG&=KTTd),Fae Artz,$83839.38
ggoginaq,hZ8{ZdZM4b&JF_R,Gretal Gogin,$70745.33
kvallensar,hS3$_90@U,Kate Vallens,$53500.49
lpetrovskyas,uQ1%(3fk,Leonanie Petrovsky,$79900.02
sbremingat,nF7<.m}Ztua!$K4,Sam Breming,$80702.54
gtineau,"fW1""qq$1",Gasparo Tine,$52281.93
rguidoniav,lK1*!@.p(,Rolfe Guidoni,$13341.14
isheberaw,bC4?JZ~XE8kB,Inger Sheber,$52445.06
cboydeax,tJ5*/N0Z(BJ1o*{,Charmian Boyde,$76460.80
afroomeay,"vJ2+V""=m@{S<{Bp",Angus Froome,$53558.61
nlittlecoteaz,lJ7~FGF>!|slcu,Noelle Littlecote,$91186.79
aformbyb0,uO3=*w3V{t/SXDN,Andie Formby,$52066.45
aplacideb1,"dP7,"")5P",Abba Placide,$72144.77
lpaddemoreb2,fJ0'+h#8h//,Larina Paddemore,$28213.41
mgreenmanb3,lI0(%>Dc!J.>,Melisenda Greenman,$97588.69
amillwallb4,hO4?L'a$jbG,Adolphe Millwall,$86271.94
spottageb5,"oS8,GVz8r",Sidnee Pottage,$18299.13
dmccallb6,nO4=@g.3Zp#,Dareen McCall,$95991.56
dtitcombeb7,dU0)!VWY&de,Donavon Titcombe,$61527.16
cvallensb8,tX8`~>u%,Cassie Vallens,$53385.56
msillitoeb9,wJ5>)rJL$&`7<\v+,Moises Sillitoe,$74297.15
sshentonba,kP5?zrg@O%l\/y,Shell Shenton,$70327.64
mdrippsbb,fR7}X2TyioJUSw,Margarita Dripps,$43595.53
eocarrolbc,yN1&7=4CXL?oUx~L,Emmey O'Carrol,$53799.97
mabrahamowitczbd,zJ5/h`cC,Milena Abrahamowitcz,$83548.69
sevenettbe,"tA2,""snm/",Sam Evenett,$51657.22
gphilippardbf,"jV8(LTJ*?mkKW""",Genia Philippard,$95613.82
emackailebg,"lM5.Q""GSfuBr3#",Eb MacKaile,$25317.72
cwindressbh,"yI0/""1s?$E",Calhoun Windress,$15160.60
mkistingbi,qT1*TD2jZ{zH4,Mary Kisting,$79227.64
fpontonbj,"oU9?u{8.,b$Uwq$4",Flore Ponton,$78709.45
aeglaisebk,aF2|_$E|UhF{,Ara Eglaise,$78017.13
spinchbackbl,mW4<ZUOB`$U.l,Shandie Pinchback,$70646.67
trevellebm,iU1~|LlO&4MbOYg,Taddeo Revelle,$23724.80
dcrinionbn,vF8(yT<+,Dorolice Crinion,$92801.10
xtremblettbo,"lB7+7F+NJr'Q,k",Xavier Tremblett,$78555.13
jsellersbp,cZ8.FB{ra4,Juanita Sellers,$15615.28
ccuddbq,"aO3,Q.>@+Aa|E",Claire Cudd,$35923.63
alupartobr,lW1&Ymykz5M,Ada Luparto,$73480.47
cpigfordbs,"dS4),vW4V",Carling Pigford,$57433.96
bsiddellbt,kK8/7$ur,Berkie Siddell,$53302.58
mroadnightbu,kR3)cmivZr(l,Mathias Roadnight,$46298.66
abrookesbv,"sZ3,_d||4|@",Alexine Brookes,$54030.30
dstubbebw,hJ7'7=hj4OG,Des Stubbe,$19294.62
tbalaisotbx,"pR8$h(,kn""ocjIe",Trula Balaisot,$70150.41
arissenby,zK3}b)BrFX_jw3,Aurilia Rissen,$59284.37
dfassumbz,uC3}fMzQ!,Dorene Fassum,$97300.30
fcarollc0,oL5?KkYHP8_M8\,Filbert Caroll,$74880.46
abentkec1,xR3?G~5(D,Arther Bentke,$11405.56
mcadlockc2,wJ2<w3401,Meyer Cadlock,$30108.96
bguardc3,zA6$a*Y?Lrg+,Berny Guard,$55175.02
kgriffithsc4,"cF3/)hL22wu2,JB",Korey Griffiths,$85593.62
docarneyc5,tG0\>wD3,Darius O'Carney,$86805.41
mcowpec6,nI6/gs?A@,Merle Cowpe,$39574.05
bsissotc7,dY5'HHon7.(nT,Broddy Sissot,$39528.96
kshawelc8,oA6}UfbtF}~,Kent Shawel,$96530.22
cgriniovc9,jJ8*/#{~2qS=h!Ze,Carmita Griniov,$62442.62
mlaydelca,fR2|&JMap,Mignon Laydel,$18667.74
dkmentcb,nF8}Ql_)k,Darcey Kment,$83295.76
hfynncc,aI8@}CiZYJi,Hyacintha Fynn,$96223.94
twaldingcd,rY5*{3/IwJOUl,Tim Walding,$50445.49
bbodiamce,cR7#c5M0MkX0BH,Bowie Bodiam,$24099.06
mfinklecf,vO1/VpXG,Margo Finkle,$65515.22
zherrerancg,dZ7?>LfW>A,Zoe Herreran,$73812.71
jtonepohlch,"yD3.Q|0*Dl""7",Juliann Tonepohl,$98291.99
klivickci,"iN5@Hk88g""2Q!",Kial Livick,$86951.31
ebunworthcj,"mW1""bZgGWsI\N8Z",Eleanor Bunworth,$30097.02
crisomck,qJ8@E7*W(5},Cosetta Risom,$68194.93
gsnazlecl,"oI7\@CA)nY,9GxJ",Guilbert Snazle,$47683.33
erainecm,hN4_GK.5Mp,Erroll Raine,$14220.48
koraffertycn,kJ8(jaVKPR,Kayley O'Rafferty,$24938.33
tsprattco,xO4{KfH4!h9b@Fi,Thea Spratt,$76464.92
lnorvelcp,kC3)_{3!}iq,Ludwig Norvel,$96427.38
bleechmancq,"yN0/N""Fvh&{gjr",Brande Leechman,$34757.10
sfortecr,xL4&4Mp_qSTUs,Svend Forte,$65328.25
mcaudlecs,mL4\?/$.N/@,Marcia Caudle,$51921.71
eoldfieldcherryct,fI8}f(ia.VtA,Elvina Oldfield-Cherry,$57443.80
plibricu,"yI8,{=fAoLj",Phaidra Libri,$83516.60
cclarsoncv,jN8$sRNZu)9g*J4,Cristobal Clarson,$34994.15
mcausoncw,"lN4>G_h53E(o""0#d",Mia Causon,$14049.52
agarrycx,pN3{c@~NP,Anstice Garry,$79360.60
fgoriolicy,cC2)sUhG,Felisha Gorioli,$40631.97
scheelcz,gG3+DUP7J,Shirlene Cheel,$76553.74
agiraudotd0,xU0$*eDw,Alysia Giraudot,$50924.29
vtuxselld1,tI4/5`$Q*,Verne Tuxsell,$98224.90
gferrinid2,"fM3)B{6VXPfwf,h",Guthry Ferrini,$53367.87
isemained3,zH0.T<Ca,Iago Semaine,$67984.62
dtupied4,"mP9!M""os",Drucie Tupie,$82399.24
erembaudd5,dN7$A3k`',Edan Rembaud,$37871.96
ccicettid6,uT7%4%6>,Cecilla Cicetti,$58903.81
bpenyltond7,rE0#}YgP',Berky Penylton,$71931.31
tllorented8,"vX3.tmv{,m3S2teR",Thadeus Llorente,$58922.35
aled9,cH4.xo*>|TxuZUU+,Alicea Le Quesne,$59611.62
afantinda,lN4'yqbb1c=?L,Adriana Fantin,$14467.16
sscrammagedb,yR3'hgw?,Shelley Scrammage,$98736.45
lminchintondc,qY9<uH`Q6G7b.*',Lauren Minchinton,$59244.31
mchantlerdd,kJ2)>ag`%`9Q0.,Madelene Chantler,$28182.10
mpobjayde,rN8!2nCw%c,Moe Pobjay,$57072.32
jbraddondf,sJ6%)`k'k/)#|,Jodi Braddon,$88118.28
gkentishdg,uW2/Fs7/laK_xc$`,Germain Kentish,$93778.94
rollarenshawdh,fI5%vokxd)6(Wct,Rochelle Ollarenshaw,$79279.52
ygornaldi,"dQ1<(=qv""S""h0",Yehudit Gornal,$46769.47
tsalterndj,uS4/3|uD3}!TAb\,Tressa Saltern,$41533.06
tlegiondk,iB8?%'m2q<m,Timmy Legion,$13001.79
egouldendl,oH3'+r+?F.Oi6gJ6,Emilia Goulden,$91029.31
darnoulddm,oD3)3`0WI#,Dawna Arnould,$30056.21
naymesdn,rH3=1PugX8m,Nefen Aymes,$84416.32
avasechkindo,"aW2<E~>?H,'OI)'",Ariela Vasechkin,$76671.65
mmolloydp,qD4)}}OQ/+CkmD,Michel Molloy,$67686.65
cdevoydq,"nN8\YR,)AX!sLOP",Cross Devoy,$53590.00
pwillsheedr,dY8!Uq'gE,Parke Willshee,$11065.23
acowingds,"lL4{yP=BC,xed5",Aviva Cowing,$63910.83
hchurchleydt,gH6}Vo>=7,Hyacintha Churchley,$84580.10
fspittalldu,fX4=t{b=.zP~)VC,Fairfax Spittall,$12437.77
dteardv,pS5`SUH6,Donnamarie Tear,$84879.19
ldanskendw,cC5.gIMCz5z}Rq|,Lukas Dansken,$35641.32
swomersleydx,kJ9~b`8yjd,Sharity Womersley,$82272.09
gtyasdy,oU8/5#)(YQM=7,Grayce Tyas,$71902.29
tkinnochdz,xS7|e`nP,Tine Kinnoch,$91874.90
dbucklese0,yH9#P)%YP9q!w,Dorisa Buckles,$41883.52
bbilbrookee1,rY7)2ZQV|8u<=j,Bertha Bilbrooke,$52168.71
ylobee2,"aN8/c"">@j0",Yorgos Lobe,$54046.27
jharrowe3,"zL0&A}a,`Fv<L4",Jerrine Harrow,$73654.32
bnannizzie4,qT2#_>*E,Bettye Nannizzi,$57511.59
aburkhille5,rZ6<5XWb>zU`,Alexei Burkhill,$51939.57
abaughame6,wK1={?$*eT=N,Addia Baugham,$66592.56
rmuriele7,kI8~&vSe922u,Raynell Muriel,$97644.54
brobbele8,tC1.yRJ3t,Babbie Robbel,$29004.42
slauxe9,bS1_(1v?=8O8iXn/,Sella Laux,$96712.84
rrubertiea,"hU2%09""So/""bk",Rutter Ruberti,$91883.36
mcolebyeb,"xC0%u""$wyQ%iOefx",Marchelle Coleby,$74023.72
lhulkec,"fI0~&QPfe7TRh,@M",Lorilee Hulk,$10511.69
nhuntingdoned,jI8&5!b0,Norry Huntingdon,$79737.29
ahellardee,wZ4}_AWk*0q{,Adelaide Hellard,$56969.27
dtibbitsef,kA5?$n@l3lj,Danya Tibbits,$29381.05
nsahlstromeg,aZ1>J~o'W,Nikos Sahlstrom,$61455.85
gwickeyeh,mO8~3jCH,Griswold Wickey,$86027.04
eashborneei,"nL6$K,992`F<uD0",Elsie Ashborne,$91927.42
dmacdougallej,gJ9~{pgtYe,Darnell MacDougall,$23761.49
dtenderek,fG5'.Ow>j*#>y`,Dayna Tender,$20117.10
wbeechingel,"jD6#jT8,B>",Wheeler Beeching,$49029.97
jmanonem,"aH2?HOa""7*`RWs",Janette Manon,$77402.12
nfosteren,xF8/Kk=V>&uK__?,Noby Foster,$55579.16
wscarletteo,nS8`/}S9o?,Wilone Scarlett,$17487.45
cescolmeep,aL9~JyDy74,Cacilie Escolme,$33348.05
ldominickeq,fC0+I$QNxCqdi?,Lorne Dominick,$15729.45
cdewdneyer,"kY4`5S""Z",Constantine Dewdney,$80567.37
anuthes,aL1*Kt&We,Arvie Nuth,$89470.16
sschlagmanet,hW2'.{=8l,Skipton Schlagman,$75847.18
bsperretteu,eJ4'`wh+I},Berton Sperrett,$20991.47
sjanceyev,eA9>+o#s%nDXTC#,Stephana Jancey,$42938.90
trawlinew,gT4+p.({%mv'z,Tillie Rawlin,$47986.58
gcrookeex,wO7_wel=H_P>|,Gavan Crooke,$63655.10
rpardoeey,fO5=j3dsqy?=Xu{,Ravi Pardoe,$66074.68
dmoralisez,"fV0'6B""P&5Qx",Darrin Moralis,$13503.15
fbiermatowiczf0,sJ3>GO~)ZAAX~.I|,Faustina Biermatowicz,$54680.85
gphillippof1,kE7$~!dnk|a%,Granger Phillippo,$86920.35
cnarupf2,cM5>tedQ,Carling Narup,$71286.67
clandsbergf3,tD6'X=xqXDP(=R,Cathy Landsberg,$17439.60
adalleyf4,"mU1""!V_G4\=,WGi",Alayne Dalley,$70417.96
cbartolicf5,bD4|8>~k=dl5G,Clarabelle Bartolic,$30008.08
mbryantf6,nE0.KoFqv2#Z04{s,Milly Bryant,$32436.81
hmullanef7,lJ6&Ewg@e9l,Hedwig Mullane,$10643.16
jjestef8,fX4}5.r!_FF.<,Julius Jeste,$23323.07
vmousleyf9,qU2+ksN3On5mGm,Vassily Mousley,$88534.46
aspradefa,vU1}XGF/$|f<m,Ambur Sprade,$73985.94
obeazleighfb,"yU7""L.t>#Qrqji",Odessa Beazleigh,$72495.06
nfawssettfc,pF0&URr{ZHG,Nancey Fawssett,$56983.95
amaciakfd,lW8+5t#C31/$,Artie Maciak,$11960.33
dglyssannefe,sD7\6M@j@TV8,Dynah Glyssanne,$50849.84
kaylingff,cC5>srB?RbnsRQvh,Kliment Ayling,$24774.30
kgiannazzifg,lG6*@u\7,Keeley Giannazzi,$56435.25
jcloneyfh,wG9${nxHK@W,Johna Cloney,$51018.05
brittelmeyerfi,cR2$SK5'X<|17(,Biddy Rittelmeyer,$57191.33
abearhamfj,aZ9.Jp`3cQ,Arline Bearham,$94900.09
dhayfk,qL6!Ss/65H,Dukey Hay,$16085.02
plabarrefl,cF0&+ol0!qk'{jZh,Pauli Labarre,$86221.14
gmoxhamfm,kJ7=l|wG(inJ2T,Gabriela Moxham,$91194.63
clieffn,eO8%gtG~llaF,Christy Lief,$70151.20
ccanonfo,"tH0*50sGMAf\,",Christin Canon,$63549.87
jcridgefp,tT0@dnl!,Jo Cridge,$70663.98
ccharnickfq,vD2'7rR9SW6(,Crissy Charnick,$33984.92
ctreanorfr,"mA0,kS>/,TNk",Ciel Treanor,$88793.71
cdowneyfs,nR3}'?qK5etyENLk,Corbie Downey,$35094.36
vizaacft,"eZ2+mfZk5,/HAsQ",Violet Izaac,$43469.61
hsummerliefu,sK4$uKCq,Harcourt Summerlie,$48872.74
hgommeryfv,uJ4!w{ia,Hillary Gommery,$56527.16
dbrownlowfw,"cC4,V1FA|",Debera Brownlow,$51578.14
ajakuboviczfx,"gD9%v18,",Alika Jakubovicz,$30251.49
mbashamfy,nN4!9Pf>J4,Morton Basham,$47921.39
tlarticefz,gD2.Bv'DXk,Trixi Lartice,$73745.80
kpalombag0,"vQ4,cYx}1F{9i",Karoly Palomba,$50466.86
nchallissg1,eL0<ZFp{JgMJ,Nona Challiss,$27685.71
cweondg2,bO7++|{drw#*,Cissiee Weond,$96369.39
jcoursorg3,lO6`Ic_OL+hPS)T,Jessy Coursor,$71837.69
sdurtnellg4,kX8'PJ&wubN?v!,Stanly Durtnell,$92942.61
bwalcotg5,tW9)VRKHu7,Barrett Walcot,$13670.45
fgatleyg6,lK2&W\B#wAjgU7|,Flemming Gatley,$82675.29
mosiring7,uF7`}@N2,Moria O'Sirin,$10579.36
gpoddg8,uS0|$nVu2,Glynnis Podd,$54987.99
cknightleyg9,vC1@rC26,Clementine Knightley,$51449.49
ifeuellga,mB4*7?.srzn,Ingeborg Feuell,$43050.57
jmacnalleygb,iQ3$9TmMzis,Johnette MacNalley,$24898.35
obrandlegc,"mQ1@u8""}C<G*",Othelia Brandle,$79572.75
gskonesgd,uJ8<P@_n,Gunilla Skones,$42622.22
rvoiseyge,"xZ1,{rpXE'u/",Ryun Voisey,$67198.86
nchellingworthgf,hP8(@YC+r?S,Nicolle Chellingworth,$84345.27
esemarkgg,iW6/r7bz+N@hE,Elana Semark,$38451.46
ppawelekgh,cW8?g@VC,Penny Pawelek,$57989.59
bahrendsengi,wP0$6LD+&P$aMk?j,Berni Ahrendsen,$87112.12
jgillbegj,"lL1,AM||&",Javier Gillbe,$11196.49
dmessergk,lQ6%9M$Dz=KQ+e(,Derrek Messer,$15118.36
gbiggerstaffgl,"xV7\1hJMMaeqOZ"".",Georgeta Biggerstaff,$12198.83
bgoraccigm,kK0>s<mc~k8w(k,Bili Goracci,$78140.54
scruessgn,vJ3\hZMj,Stephine Cruess,$79275.90
sloomesgo,cL5@zii(,Saleem Loomes,$58127.70
ccleefgp,xQ5)MES1?<=\k3N`,Caryl Cleef,$34046.64
kunwingq,tX2@pQReqM<9TQ,Krystalle Unwin,$95205.35
lgarrudgr,vS8.SmCo,Lynn Garrud,$85196.76
cwoodwardgs,"hS2*+9(M'2""S",Coretta Woodward,$85041.79
hbeddiegt,tS4>M#4E8P,Humphrey Beddie,$15183.77
jmendezgu,"rS1"">em/1d4",Jamill Mendez,$53929.85
glindborggv,xS7)J2Unq{kN6{j,Giorgia Lindborg,$91486.56
eorhtmanngw,yG7@C~>Yu,Elaine Orhtmann,$30777.80
hinnmangx,pL6\I8#\.m,Holden Innman,$34602.14
hhalsongy,wA9.+F?BVa|>q,Hilary Halson,$95476.52
mkestellgz,fX9<p%8A8T*W~ZE,Marysa Kestell,$68327.94
krameh0,rG1@OF?Y{',Kristofer Rame,$23735.49
cmeekinsh1,sW1@RPAI3L+9{c2H,Collete Meekins,$33035.43
mrevillh2,yU1/\zI(zji,Marcelle Revill,$60168.10
tprimmerh3,pF2&EyAZcPk%uQ7),Tonia Primmer,$33156.47
stravish4,fD2#|tt<,Sarita Travis,$25115.89
wlindenbergh5,wN2!AE3U$<_'ffK,Waylon Lindenberg,$24595.50
mthwaitesh6,yB3~~i7@D,Mildrid Thwaites,$76560.85
eaustingh7,zN4@TRv0*>UD,Emmi Austing,$78032.92
sblaszczynskih8,rL6(O/oh<M{,Sascha Blaszczynski,$94441.90
nhewkinh9,cG2(.6S*=,Napoleon Hewkin,$11324.92
lcocherha,bC4&a/laUp)7LGVS,Laurie Cocher,$68841.08
jwallickerhb,"bQ8~&`,s+OtXh7F",Jereme Wallicker,$12011.05
gwhitwhamhc,"yD5""g1@oNN3YR""t",Gayelord Whitwham,$43462.97
lstanneyhd,iA9%buFs,Liesa Stanney,$96086.12
cellarhe,"oJ3)@h1D4`7""i!b",Candis Ellar,$28091.73
eshirtliffhf,mC9#OkgwBZZy8i,Ethelred Shirtliff,$18919.71
rjenkinshg,aH6$jpejsI,Robers Jenkins,$25566.05
bmievillehh,"cW3*1piE~yZ0""{z4",Bobbette Mieville,$45168.65
aivanshintsevhi,yB2=.cFay2Oe5,Aridatha Ivanshintsev,$31874.74
rgozardhj,vU9@Q}Nx(,Rossy Gozard,$80656.62
achristyhk,rQ0/hT(9#iHZ,Adrienne Christy,$41011.29
msymeshl,"fS9@_fw""%@m'/P5",Maura Symes,$97993.46
jhaddletonhm,fG6)c7Y7,Jeniffer Haddleton,$13491.07
ebristerhn,aR2'eiggp@o,Esther Brister,$97567.39
wplaschkeho,xK7@k_Tusp)M5,Wilona Plaschke,$23403.76
chaningtonhp,"fF5""FdAipzQuM5f",Cindy Hanington,$16156.78
myankishinhq,"yY0+zD!*v""D",Mirna Yankishin,$54084.58
spresketthr,aF2|>n92{E,Stavro Preskett,$21033.27
cfickhs,xI1|'l8OPy`,Cecilla Fick,$25854.12
emarkushkinht,qW3~_yR41,Estella Markushkin,$46543.55
ddaglishhu,zF5&Uq&.xLx)%!,Dunc Daglish,$25104.84
tscoffhamhv,tL1~)3W{5=/k,Tymothy Scoffham,$30734.25
bhuytonhw,jQ1\~=0Bc!s,Bendicty Huyton,$60851.04
gmowbrayhx,tK6)W9Eo~Z'`}+,Gussie Mowbray,$75625.94
cosbanhy,"nW5~S/,*8mJ7#F5a",Claudius Osban,$43116.74
glanghz,sL3#vP=o,Garrot Lang,$53099.52
kdellowi0,fV5_z2Jo,Kristina Dellow,$77623.84
pdackei1,"oK7=bMu?.SvJDu,.",Pieter Dacke,$87960.84
rmorridi2,gR2/3f1p,Ricki Morrid,$58648.19
xdeverillei3,eP9&SF#OZZ,Ximenez Deverille,$66947.44
adroni4,wP6'kbq=2=HV5&Y,Adriaens Dron,$73765.26
ohousecrafti5,vI5!gad#=Dn`X\,Olympia Housecraft,$20590.97
mrottgeri6,"iH6/#V""i5",Maryanne Rottger,$21928.39
egravenori7,kU0@FE3vP.XXgr=x,Edie Gravenor,$64805.95
emaceuri8,dW0+|mOLxsw7a,Ezmeralda Maceur,$76069.08
bhallifaxi9,"fB6|~?""yM6Y3~N{",Bride Hallifax,$71340.39
gwillimentia,"vK2!`e'5,xx*",Gardy Williment,$83362.60
bdorracottib,yC4&&KM),Bebe Dorracott,$87100.14
jgipsonic,qJ6\$f}{58,Julian Gipson,$43091.72
learieid,xN6/Rlz=j)xvh,Layla Earie,$79415.02
kdobieie,bM8|u2C<\oNn$QQ,Korry Dobie,$34865.88
ktuttif,jP6=v3'3@PfQYHUt,Kimbra Tutt,$33533.24
jmunktonig,"kU6""e9HOu!amT",Junina Munkton,$29248.15
mtoothillih,"iX9>DQ*t{ye,zdv",Merv Toothill,$69898.89
lgheorgheii,vI0=5u\|VEsY*Rg,Lily Gheorghe,$18935.35
asalvadorij,pP9.jF0VjWo,Adolf Salvador,$85696.23
cdobrovskyik,yU7>N4Jrbr1\z,Cyrus Dobrovsky,$67403.37
wshmyril,pS7$|eo?g`,Wilburt Shmyr,$79719.21
bhothersallim,tS9{h|(w.396~b>b,Bryan Hothersall,$40513.29
abrabbsin,tV1@eGxu|?T,Alphard Brabbs,$58393.02
lmatussovio,oM8#C~=lg)9&u%o4,Lucila Matussov,$66277.64
cbanckip,eX0\@G>dg|_wxwLH,Clyve Banck,$96501.79
gleftlyiq,aK8*CbqiOE!ZcBt_,Ginger Leftly,$22758.35
blancashireir,iP1\A=qT|i4$qpJ.,Briana Lancashire,$88867.71
tgrelkais,jB1|'msn2T|BFxR,Tom Grelka,$68031.82
ggennit,jJ2?0q?6yS{x!2,Gray Genn,$14664.81
jsprigingsiu,"iH1,,pPMI,",Judi Sprigings,$31119.15
srylandsiv,qB1>+OF.DFQN$,Sandy Rylands,$32535.03
mpheazeyiw,zR5?Y~wX*,Mella Pheazey,$54436.41
mharmsonix,"vW7<.*m(51CSe,Wx",Mitch Harmson,$43114.84
ekolyaginiy,kM9@YYcDH#YN,Evangeline Kolyagin,$43686.07
mhakeniz,tG8_5.Z&{J,Marietta Haken,$54976.73
apassfieldj0,oC3~dMm7.,Andree Passfield,$58656.51
qnewberryj1,aN3@byOz,Quentin Newberry,$78414.34
dalfwyj2,gI1.M~2Bpo},Devan Alfwy,$63492.20
epickhaverj3,"gB8""za!%""",Essy Pickhaver,$47943.48
ghoulisonj4,zP3)wjulW4!4cdR4,Garland Houlison,$46822.18
chalmj5,nL5=>#WTW0Jioqd,Corty Halm,$38825.70
estorresj6,"rA5""~B+DY.'j",Eugenio Storres,$22358.12
jlavenderj7,"fT1')FVt""""55|",Jolynn Lavender,$61008.55
bgadsonj8,gQ6(C@F29bcw*e,Blair Gadson,$12752.62
kizkovitchj9,kL6#JoBs,Keely Izkovitch,$24340.96
tsamsinja,nZ2?eC+?_@6YLt+,Tab Samsin,$91617.84
ngoldfinchjb,sB2?=ukid!sTLT=,Natale Goldfinch,$41221.11
swathanjc,hY3+kqUZ.2<,Shurlocke Wathan,$60164.69
fmacgilfoylejd,aV8#kg6d+}EWMM,Fred MacGilfoyle,$22244.38
tquinje,"nF9/xie,yit_,+>",Tailor Quin,$37105.13
jmonteljf,"dS4%!A,826%",Jonas Montel,$69008.96
rsaddjg,mJ4+`+$C{q>V.@Mx,Roslyn Sadd,$91681.90
thawkingjh,vA2&r}_T</vzu8,Talbert Hawking,$70883.17
aspridgenji,lU1$_OSKm{,Abba Spridgen,$42018.63
cmahyjj,vX9}QFPKT&hO/}Z,Colin Mahy,$42776.89
kgurradojk,uF0{nZl)}q,Katharine Gurrado,$86484.30
gvanaccijl,cE8/?aeD7E6,Giovanni Vanacci,$95288.97
fbartropjm,"rO6%2{""Y+3Uf.#o",Friederike Bartrop,$62887.26
mkiddyjn,"uI1,c""tF\=/AP",Mavis Kiddy,$84341.92
wduffieldjo,eR4|\=1goC,Worthy Duffield,$47289.44
bwickwarthjp,mT3`IrsAt9yrd4,Bette Wickwarth,$54478.03
jhoffjq,"pF3},TX0+RL.F""",Jess Hoff,$56063.64
sballendinejr,"bP9,Jdyz0en5F",Selle Ballendine,$44570.95
cjentgesjs,"nF7=vQ,i!IU8Uk<7",Catlin Jentges,$67533.78
senockssonjt,oH5\+7`X,Sigrid Enocksson,$48472.64
fwiggju,nB8&%cfg!3Li*t#\,Fionna Wigg,$63008.92
jninnisjv,bH7~pJ|#a/,Jeramey Ninnis,$72411.66
sescottjw,cC5=9jKg&Gf,Sunny Escott,$18797.18
lkolinskyjx,"gM9*55n""$bh,6_EF",Ludvig Kolinsky,$74177.99
edantoniojy,"mF4%,'q%)5g",Esme D'Antonio,$47924.45
vtupiejz,eR4#.fFdK,Vilma Tupie,$53637.44
calank0,lX8!m$MG?#,Carina Alan,$53809.83
chubachk1,uO3.hQw4}hrd,Charmine Hubach,$69175.06
cboydellk2,pO2)<.*1Wo7tm6{R,Cammy Boydell,$18263.53
cbiscok3,zM8~v{ZQ~1cZI,Carr Bisco,$75353.10
lswinek4,pW3'#sV*ajUr0,Lonni Swine,$22017.99
kkaink5,pI7>wO\}YB,Kippie Kain,$83579.46
opatenk6,jX7_@DRwbf,Osmund Paten,$78645.55
ttomadonik7,"yQ0=YV3/""ZPC",Trudie Tomadoni,$86447.82
mgaroghank8,mB5`DLSfnY7j,Marijo Garoghan,$16668.83
rtacklek9,hQ5#QfXRI,Roxane Tackle,$40404.42
xredishka,lH6)3pI`f,Xenos Redish,$20890.42
lrikardkb,fP0$0zpp,Leora Rikard,$87652.97
idwyrkc,hX5/TSU?.HYa4,Ilario Dwyr,$46560.51
wbeardshawkd,kE0+s738IgKgUuT4,Warde Beardshaw,$53772.11
mklosgeske,aM0<5BRP)EH,Mersey Klosges,$80650.47
remilienkf,gT0@!a=8m<Cu'm,Rollie Emilien,$73385.17
pboscherkg,bV8#Q)!VFzKB1b%,Phil Boscher,$63672.72
pblaxillkh,vL8`N|24M+tf,Pail Blaxill,$73151.11
tmateki,uL2<UN+c4.I,Tiertza Mate,$32888.92
jskermerkj,dO8!rYWJ?IkK,Jae Skermer,$31936.67
koakinfoldkk,mS7.qpG}zh,Krishnah Oakinfold,$69672.58
cfiltnesskl,nF6#T#|{,Clarisse Filtness,$98283.29
amckennankm,jF7>ok6g,Addi McKennan,$40098.33
wwhaymandkn,yZ2)Q@DlW0s&,Welch Whaymand,$92263.10
psmidmoreko,cA5`k?*edx,Peggy Smidmore,$40065.99
ngauntlettkp,yR0`z1J<i,Nani Gauntlett,$50891.05
bkinsellkq,bQ1~ng=6c,Bobinette Kinsell,$32011.07
cboxkr,rI1?%C7$,Charmane Box,$62698.94
ssprowlesks,vH5.Ju.W4d,Sven Sprowles,$89043.36
ajouningkt,rZ3'JQb+aT,Alejoa Jouning,$61492.32
mmancerku,jB8(9uSi7,Maureene Mancer,$82250.94
cmahargkv,cP7)iliaqq*z=W,Cody Maharg,$97620.70
vgilardengokw,iM7!I*<__3,Vite Gilardengo,$59317.92
cgirodierkx,kF0#_Cm&&p,Crin Girodier,$88249.81
wlibrerosky,hW6}(uFB,Woodie Libreros,$23354.89
oheerskz,hP9*pCt*g,Odessa Heers,$65730.15
mrodgel0,"qI3""{Bb9<Rfq2n|",Marietta Rodge,$45639.44
gsherrinl1,fM2_!O27f,Gaelan Sherrin,$32281.38
tdonaherl2,pD5*DQbI2>q,Teodor Donaher,$15658.16
mchrichtonl3,"bK9""14$1HM",Myrilla Chrichton,$92996.11
jseinel4,xX2{4ebyFS,Jennette Seine,$34530.37
ltarrl5,jX9#>7rj>7CrW',Lemmie Tarr,$14849.74
rblabiel6,hX5?gFq~ri+urcBM,Ronny Blabie,$82009.99
faugarl7,eR0<>`+Mo/,Francois Augar,$65932.37
alawrenzl8,qK4~2H3NN{4,Anabel Lawrenz,$96079.75
kdalessandrol9,"aF0+\0y|Jw""*WHpU",Katharyn D'Alessandro,$71344.57
fmasserla,rT2(KD'O<q6)aZS,Fidelio Masser,$86471.80
rillingworthlb,bC5<aK%w!}fMN,Rossy Illingworth,$80047.09
akeelinlc,"aQ8>eC""8)>0s06",Amity Keelin,$49633.47
bsiggeld,kM9*%.=$5l1QlP,Brina Sigge,$10173.59
tastiele,nI7*f/c&VZw,Tasha Astie,$53461.28
scermanlf,sC1%P+m'Ty=@=?,Sheryl Cerman,$63307.82
acluselg,nC3?5M@I*~>|7,Annnora Cluse,$18697.21
jchrismaslh,dK3>Ph#z`x)}F?<,Jobie Chrismas,$64371.54
yluneyli,wO2~vTJ=H\VE,Yorker Luney,$89219.30
tcallerlj,yZ2`3Mw%Bz&BO1,Tish Caller,$56851.76
sshadelk,iL1+OG$#XUqn,Sigfried Shade,$89528.52
fcomstyll,lE7@Z)Lc#>,Forest Comsty,$67819.54
njeaycocklm,aC3`qezBPJO,Nanete Jeaycock,$50115.70
fseeksln,yS7$_kKMF#Sva,Fredrika Seeks,$14388.78
sheigoldlo,fD0%FbL7oZKcvi%,Sacha Heigold,$39687.01
irizzolp,lX8@|qn>2,Ilise Rizzo,$28008.73
hmacneilleylq,"uK2/0=}N""g",Harmonia MacNeilley,$88008.24
hgingellr,"wP8!Ksg,NTsSDCkS",Harald Gingel,$12263.58
ldrakefordls,uP1#VRURi_,Leighton Drakeford,$39905.24
aglentzlt,"fR8""PcsueivCTp",Avram Glentz,$16612.57
teskriggelu,sW4&$@v|WpzE(,Trescha Eskrigge,$56577.76
kwalcarlv,gQ6(J%\8$fS92fW,Kelbee Walcar,$64763.19
zplumbridgelw,fI8!@qin,Zachery Plumbridge,$95268.73
takeherstlx,sO1{d7S<,Thorpe Akeherst,$13135.37
dhallattly,eV1@<n~E,Dela Hallatt,$17729.31
gchaldecottlz,"hR4""Ab7sL/~'1",Gusta Chaldecott,$67356.31
cwildishm0,"rX5)yY>Np*@""oX,'",Carny Wildish,$69763.27
hharkusm1,sQ7\r@n|SD)!O)=v,Harper Harkus,$86074.80
kadanetm2,lM6.tMp07vWMO9,Karlene Adanet,$63248.35
wninnottim3,"hE3~9},9mi|IN",Wheeler Ninnotti,$74692.64
naizkovitchm4,eV1|jn<d,Nicky Aizkovitch,$28481.04
scarlonm5,"cF9?Sh#""kHs`rmCC",Sander Carlon,$19161.30
awilsonm6,xL0=h!eij,Amberly Wilson,$66186.37
sbellangerm7,"bD3*!D""l({XAo",Sula Bellanger,$35004.10
anovism8,oG7_CRBTDx,Arte Novis,$58718.53
crignoldm9,vM4!W#>N2IW,Calley Rignold,$69306.11
dcustyma,"cD7\HxW@(&""yIj",Deena Custy,$12958.11
chaggarthmb,"jC0)?gxXXUt""r'cH",Clarissa Haggarth,$49504.10
ijolliemc,"fQ2<8*,2H!k{,",Ingunna Jollie,$62827.08
drattermd,nL4>?bHb2,Dorelia Ratter,$29001.70
lfullegarme,"mB5""#/=0!",Loralie Fullegar,$70678.22
cbovismf,tH7=WHhitim)t,Cahra Bovis,$67431.78
kjordonmg,kC3)%\k&*z'p+,Karrah Jordon,$69100.08
lshakesbymh,mG6\6WnrFTzsjE\,Lemmy Shakesby,$61306.94
egillmanmi,"sN2|~/=@%,mzcNW",Emmie Gillman,$32362.15
fverlandermj,aJ0|rAEf,Faith Verlander,$11612.27
canderschmk,yA6>$Jk7,Codie Andersch,$37597.08
cstandingml,vL2)Oo3%c\9x$a4,Candide Standing,$66320.72
kstiffellmm,tT2=>|v\zayoUV,Kasey Stiffell,$39949.80
lthoraldmn,"uA6?pi?<""p",Lucia Thorald,$77786.53
hpatshullmo,uC7+Sxhds,Hannah Patshull,$38449.47
rgarrouldmp,"kF0,8}pYmzut9CK`",Rici Garrould,$98754.13
cvigiettimq,oE8=@isWwi*(,Caldwell Vigietti,$62564.52
kpaulingmr,mV0/2.}m4w!d,Kelsey Pauling,$88983.76
yhighnamms,zK4{EvZSP,Yalonda Highnam,$83609.57
bvahlmt,pB4}|ki<K>Tq42L*,Bord Vahl,$92835.29
churticmu,xZ6}s<EAVzd,Celinka Hurtic,$46763.69
hshieldsmv,"iY4}G,g0Sm=Jt$!R",Hazel Shields,$28455.94
vboundeymw,"wI9(jZ>Ia8l""RCZ",Val Boundey,$45935.00
rbeabymx,dV7?4\*%vj3<,Reggie Beaby,$64103.14
gsimonuttimy,gL1@#WH2),Guy Simonutti,$39640.71
tbudnkmz,jP3#H>1MOmma0,Taber Budnk,$93837.95
jmillenn0,nI7@>n|8YE,Jobi Millen,$46351.69
sellerkern1,dD9/rp>C/`R2(+u,Shoshana Ellerker,$15321.40
manespien2,iU8`4e.n6Y5xU,Mommy Anespie,$38963.43
rrigardeaun3,"yP5""qfh8sg",Ruthanne Rigardeau,$73314.88
lbedminstern4,eG0)Cz&@3P0,Lorrie Bedminster,$23661.89
gflintn5,"kB8)vaW%u+r}5,",Garwin Flint,$70136.78
tfiggn6,tY8\pyY)sUcX?,Tracie Figg,$58189.85
ckivelhann7,xM6.L<zdi<~Hqs,Claudie Kivelhan,$11075.93
scarikn8,yS4<(>8G\btYy%l,Shepherd Carik,$95608.14
fmarciskewskin9,mR6~#4&y1l0VR,Floria Marciskewski,$97337.30
lfarrandna,"sK2/%P)b&""T2O~",Laurens Farrand,$96165.70
rnaisbitnb,hN6&$d8_+i_aa(,Rosanne Naisbit,$85837.87
cfurmagenc,"rM2\w!""Q8J,aqu|",Cathe Furmage,$26664.11
mluckinnd,tA2@cWc..',Marysa Luckin,$30163.57
afigiovannine,pD5_*dD7//bK2y,Andree Figiovanni,$43728.37
ktrobeynf,oB1./mGEozP,Kippy Trobey,$77110.70
rllelwelnng,kF3{R(mT.J(+C,Romeo LLelweln,$30902.66
mclearsnh,yU4@=n{U,Matthaeus Clears,$11170.23
fkenrightni,bV4>GOc.7gjJLxH`,Fallon Kenright,$96476.75
lsaundernj,oK0)xxtSlh#~OS,Lisle Saunder,$99039.70
jimortsnk,kX5/<`m5{vJGETxz,Juliane Imorts,$78087.23
bteddernl,lM7{{OHNxhq,Bengt Tedder,$21776.15
ffarfolomeevnm,zJ9{%bO$$,Fredra Farfolomeev,$97843.86
epentonynn,yG4|=%\b#gsh,Elana Pentony,$54177.56
abletcherno,"yQ6""DI~XHm#P>_~#",Ami Bletcher,$82383.38
vlisciandronp,cH0&`lsNm,Vlad Lisciandro,$52849.56
adunstallnq,tU8/gp+I>m@c,Arin Dunstall,$66799.69
rmuellernr,xB6=%`o\>J<CUIXp,Rikki Mueller,$13421.17
ejakemanns,"oC7>_rlgf""#Snp",Esta Jakeman,$28433.15
rnoldernt,bH8~.6Ted+l*yO,Ric Nolder,$86053.02
bdochertynu,fL1$taQv@Yj5bh,Betteanne Docherty,$53013.64
mlongdonnv,rF8$jr$Fmj}~L,Madelin Longdon,$53124.00
agypsonnw,oQ1&Pa*H$cPGL$,Ardath Gypson,$51463.70
anayshenx,sC7#I1*UsH&,Alexander Nayshe,$35629.15
nspurgeonny,tY0{#.@Bu\*},Neddy Spurgeon,$61247.71
mlamblenz,fC5=QbWk6,Mildrid Lamble,$33809.82
ldriverso0,"hF9""7Ly0L)1lL!SF",Leeanne Drivers,$42266.97
ccocklino1,zO3(fZk.Y&4,Cher Cocklin,$57509.69
mtuxsello2,rS4\DEcPfB?@m/0,Michaelina Tuxsell,$71683.72
rwhimpennyo3,jW2&paY%gZUP,Rae Whimpenny,$19375.78
aewerto4,"bJ8%_|v0n,=>U.?`",Aileen Ewert,$42683.35
tbrusselso5,bG9.=M}fE,Torey Brussels,$42279.75
vwebermanno6,fZ4`e@S{lw@N,Valene Webermann,$44502.42
malbasinyo7,sB8@}Q*>\ca=m\!M,Mallory Albasiny,$65916.00
tchermo8,gP5?1l#E!w+$|'*,Tandi Cherm,$57492.10
ysteffenso9,fD1}!$GJ(!g'1A,Yovonnda Steffens,$27558.09
tcozensoa,rM1/gzh2Qetkx1c,Talbert Cozens,$64941.36
bkenefordeob,nV7%zly3,Brynna Keneforde,$47722.21
gkamanoc,zR8*A\F2P*,Garland Kaman,$65978.45
tbaigrieod,mP9~2cuPb<x(k(FV,Tait Baigrie,$62012.07
bcareoe,uC4(%=qRO.R,Burton Care,$38522.19
fclareof,xR9+8bS>Ta~MNy,Flo Clare,$54980.36
gquillinaneog,zP1_6~aEh4ny,Granthem Quillinane,$62680.80
amoynhamoh,qD9!Vtj/V&&I,Alberta Moynham,$63083.29
kmarnsoi,oM7|ca=nUoOGQ',Kayla Marns,$23035.90
sshickleoj,"oO4,=u{VI)Z{NR",Serge Shickle,$34899.03
pgrovenok,kY3?7<T093xC,Parsifal Groven,$92049.58
gbridewellol,rN5.yqC46H,Gleda Bridewell,$12471.80
tseelbachom,"cF8""*z$}@jbikc",Tann Seelbach,$80005.79
plycetton,"sE5\Z<OrM1,piUj",Papagena Lycett,$33161.47
psalterneoo,jZ2?'db`j'?,Padraig Salterne,$48980.08
pgormanop,"fY7`z""BtB",Paulette Gorman,$87251.59
dbonsuloq,dY1!hJJqWxn,Drusilla Bonsul,$40718.42
lflickeror,gK9=5d)c8!tMNYH,Lexie Flicker,$92297.86
ybowlandos,wU8=Yjz4@,Yelena Bowland,$20922.04
mmcclenaghanot,"uZ8=XoDQ)A4n@""+",Marylou McClenaghan,$28212.48
wingerfieldou,fE2{f9V!T%iE=l?d,Wallie Ingerfield,$14653.73
fsyderov,pL1=z7jiG~,Franni Syder,$77944.24
mblundonow,gQ4<LAH{HAzn,Malynda Blundon,$92263.21
kmatisseox,eL4<CBMK>OyATHpZ,Karney Matisse,$49328.31
cclelandoy,oR6=jpLlI,Cayla Cleland,$96916.77
fsuchoz,"jO2_83F`R_I,1/",Ferdinande Such,$48448.35
bfeasterp0,gS9++o*K,Bard Feaster,$59470.61
bmoorcroftp1,"iZ4?Sc2T!8\""IsM+",Base Moorcroft,$87448.45
klodep2,nG1&bb_fXL+JgFN,Keith Lode,$23683.59
cdumbltonp3,xV6?1}U#rzkX,Chelsey Dumblton,$54447.37
sbilhamp4,"sF2|Iu2p,Y*",Sloane Bilham,$76782.95
khufferp5,"dL2_}Yo,OQ#kcNdM",Kirby Huffer,$29021.82
hpapierzp6,lF7?(FG!,Hoebart Papierz,$46892.65
fyushkinp7,jO8}K|}kT0%X2(!J,Freddie Yushkin,$60464.43
ljarrardp8,zV4|5msLE~aK,Lonnard Jarrard,$16226.71
naingep9,yB5?C*H`SV{EaX/,Nedda Ainge,$60569.19
dcharnockpa,eU8&b{G3NowP,Dennet Charnock,$38075.96
awhebellpb,rY7\iL6uQ'W@,Addie Whebell,$22632.00
bcarwithanpc,dN5}{TothD,Basil Carwithan,$10703.44
fglawsoppd,aI2~Ami6Af,Felecia Glawsop,$80422.71
atollidaype,pT0=CzNJ8G<r3,Anderson Tolliday,$34063.51
mkitneypf,"gC8`i=<RN""Qgn)1K",Mirabel Kitney,$54494.14
pprierpg,dD7_Z8#>,Petunia Prier,$84084.48
atranfieldph,zF1&x$Qps,Alanah Tranfield,$89067.75
jroadpi,sZ9\ca$S9Vuid_,Julita Road,$12908.15
bizzatpj,vP4/`I*2Q9jc1.,Brigid Izzat,$92857.05
mvanpk,aK7{q&2bv,Mill Van Haeften,$36066.53
tmclavertypl,dD6#84M@vQ,Tiffy McLaverty,$95080.09
mbygottpm,kY2$x'J$PpMe*,Malva Bygott,$87996.64
sgillionspn,jI5=3sORlkvo,Stephi Gillions,$58908.61
bbythwaypo,xH7>Ts%P#+,Bryon Bythway,$98816.49
vgolsworthypp,oR2$MNY$r9R$!S%,Virgie Golsworthy,$80651.74
aklaispq,tD0/\FlmIS&O(Q@,Ainslee Klais,$30980.72
bmastertonpr,rB9{Je\DWQym%*@?,Beret Masterton,$75833.36
kbalkps,mD8)1pUaDhC=sL,Kissee Balk,$93206.37
poakmanpt,"gA8,x#502",Prudy Oakman,$53685.17
ksteketeepu,rW0!3YiJSmaNz_z,Kimberley Steketee,$39896.71
gsleneypv,sY5_3l3bS##,Geno Sleney,$21178.16
ahatrickpw,"cP0{6BBj""`v$NDr",Ardenia Hatrick,$84207.23
ebostickpx,fQ2/L1%h6,Esmeralda Bostick,$17189.93
cnurnypy,pI2{H=iGcPCht$p,Clara Nurny,$24895.14
hlevenepz,aT4~Vb3<nIn9,Hartwell Levene,$29326.53
msirkettq0,iF1&sRD1i~b(4t,Maje Sirkett,$56670.35
gfillisq1,uY0{yu{P6,Gigi Fillis,$83589.91
zcockq2,fO5`=%b6AD,Zorana Cock,$89256.94
ljaramq3,cO9'6p3750?,Leanna Jaram,$91823.97
csellnerq4,oQ2'JJ=.V<_sjJV,Christiana Sellner,$62961.11
ncrispq5,xQ2><HP2,Nannie Crisp,$92345.82
kfressonq6,tM3)~r<f!0\+{b1,Keefe Fresson,$64474.82
jabbatiniq7,nI0#5VT1lSMd9Wv,Johnathon Abbatini,$18001.19
ipenvarneq8,aQ0(GYFp~}hFse_j,Indira Penvarne,$41881.36
mattwoolq9,bV6<qAaD6S.+,Montgomery Attwool,$40311.14
smunnionqa,gO7+(p_6j,Shannan Munnion,$31764.82
hmurtellqb,gX7)CF|%3tC>s,Hettie Murtell,$26570.24
dmccaddenqc,gE2(s/X**#$qOx,Delia McCadden,$50821.37
dstovenqd,oS2'/9pw8LHe?sKL,Danella Stoven,$99999.70
etowleqe,"aN7*""n>m",Evie Towle,$83483.55
cbrinklerqf,xZ9~%s(P_$=\<sN,Cory Brinkler,$15550.98
cdurandqg,hU1\\0jcY,Cindee Durand,$26058.00
hsmurfittqh,sW6`p`9L*>'syd*Q,Hurleigh Smurfitt,$25708.63
dmcqi,"kP3""e""TL!",Davina Mc Caughan,$86342.92
grichesqj,gI9.WQLoy,Gwendolyn Riches,$16890.26
gpiggensqk,"jC0_Wa,|Zo",Gordon Piggens,$94757.52
dmanneringql,lX2.P<saXrDJs,Davina Mannering,$92516.22
dcremenqm,tD0$$8P@<QN=FM8L,Dotty Cremen,$19112.52
alampittqn,oS7\Ino~<9rfha`,Ali Lampitt,$68325.71
cmeinqo,"pL5#_8p*qG,O",Celine Mein,$48084.71
lbaxterqp,sD2_3kYFdTgPzv,Laureen Baxter,$63849.19
rmallettqq,lJ5~j%gCa7,Ruth Mallett,$43216.67
smccannyqr,uS6>KZl``Y</Bx,Scotti McCanny,$68395.00
gerikssonqs,zH4(s{3{tHI*L?wu,Gwynne Eriksson,$65866.04
amainsqt,gP9'hX|7ltj#`b,Audie Mains,$28371.72
alinhamqu,"xO3.joLV!&,",Arielle Linham,$30932.88
eritmeierqv,yW2'E7+X}fo1V),Edgard Ritmeier,$88189.27
sbrunnqw,dY0*Qr<Bev1/\4,Selia Brunn,$36888.12
iminilloqx,gS8#&8dcs@+rB+,Ivie Minillo,$94489.98
gkumarqy,vS1?V#_Q%w2,Gibby Kumar,$48287.91
veleshenarqz,"bO3''hDdM""(Y",Vern Eleshenar,$89738.53
cdavager0,xQ7+Cc+c%,Chanda Davage,$92013.92
cblaslr1,gW4@%f~%EwI(7,Cori Blasl,$94480.99
hcianellir2,kR3.rTX.i`f4Z,Hunt Cianelli,$70555.95
tfrizellr3,wW3%.*+qtw,Tyne Frizell,$47338.48
rrylettr4,wJ5>'ZZih$?N,Rosemary Rylett,$10080.50
cspiersr5,"hW7""gPe@C",Cathee Spiers,$69594.68
nwongr6,"nF9,yoy=\)9",Norry Wong,$32296.73
vattenbarrowr7,vG3?oWlZMEZJ*7z,Vonnie Attenbarrow,$60631.15
talflattr8,"vP8,C!8n9'IA",Theodosia Alflatt,$54333.34
jdowyerr9,rE1//8x=&8@TO,Justine Dowyer,$33630.66
zpinwellra,bL2!b#CAOK\,Zilvia Pinwell,$94058.51
hgabbetisrb,"mE3+MDS%""",Howard Gabbetis,$65266.61
cabelsrc,fH5(4/</z,Chelsie Abels,$56041.50
jpamplingrd,"hE1#IK@qx,T""",Jeremiah Pampling,$18471.73
tvallerre,sC6`w68#u,Tansy Valler,$46330.01
kstrathernrf,gL4_`xs!WEO7kO,Kelbee Strathern,$58252.53
cnewcomenrg,cH1)xAd)KUx,Caddric Newcomen,$70213.54
bgreghrh,tE5@Ny`RH}#,Beniamino Gregh,$51349.50
cleri,uO4`sn(8UOc2,Cosme Le Gall,$96514.80
fdickonsrj,uN6#oVVHGCbMP,Florance Dickons,$41100.49
dbeverleyrk,nG1'fSw5ASg7i,Delmore Beverley,$86718.09
eferrorl,lH9@j\w.)6E8|%,Eachelle Ferro,$45524.21
pstowellrm,gN7.o7w~B},Pavlov Stowell,$23133.24
ggruszeckirn,"cY3},aaw",Giacobo Gruszecki,$58899.93
wclowesro,bQ5.(%$'u1=K,Wiley Clowes,$39824.47
mpeytorp,hY5}Qq`Si\YF,Morganica Peyto,$37096.87
sblaaserq,nU7!xmE2l(t,Stan Blaase,$13038.81
fblewettrr,"vQ0')X~qL,G<0Fm",Fransisco Blewett,$30247.77
